id;body;moderation_status;created_at;updated_at
1;busily next highlight;VISIBLE;2026-08-15T00:44:21;2026-08-14T22:21:31
2;tender compassionate;HIDDEN;2026-08-14T16:02:59;2026-08-15T00:24:35
3;whoa portray upon;HIDDEN;2026-08-15T11:46:00;2026-08-14T15:53:06
4;fellow aw hence;VISIBLE;2026-08-15T00:11:18;2026-08-15T11:14:24
5;entrench hydrolyze;FLAGGED;2026-08-15T12:10:38;2026-08-15T02:43:14
6;against;VISIBLE;2026-08-15T00:50:44;2026-08-15T08:52:54
7;and around;FLAGGED;2026-08-15T10:36:32;2026-08-14T22:20:00
8;dredger furthermore misfire;FLAGGED;2026-08-14T17:10:43;2026-08-15T14:31:08
9;healthily finally;HIDDEN;2026-08-15T11:11:47;2026-08-14T21:26:55
10;shady some apud;FLAGGED;2026-08-15T04:38:05;2026-08-14T18:18:24
