id;type;title;body;payload;is_read;created_at
1;as;conversation;ouch between upon;../fake-data/blob/hipster.txt;true;2026-08-15T05:35:29
2;expert abacus scramble;because;that why before;../fake-data/blob/hipster.txt;false;2026-08-15T03:41:44
3;gloom;ouch;aha whose;../fake-data/blob/hipster.txt;false;2026-08-15T15:03:11
4;transcend;however reassemble as;request;../fake-data/blob/hipster.txt;true;2026-08-14T15:49:07
5;save;armoire;pillbox;../fake-data/blob/hipster.txt;true;2026-08-15T01:12:15
6;knowledgeably publicize;spring gape yawningly;compete whereas hydrolyse;../fake-data/blob/hipster.txt;false;2026-08-15T05:54:03
7;indeed;likewise as deck;lovingly throughout;../fake-data/blob/hipster.txt;true;2026-08-14T17:12:52
8;bin gorgeous creamy;serenade;bind that;../fake-data/blob/hipster.txt;false;2026-08-15T13:36:40
9;tabletop;because goodwill spew;digit;../fake-data/blob/hipster.txt;true;2026-08-14T22:24:38
10;scornful yum;likely arrogantly;anenst acidic;../fake-data/blob/hipster.txt;false;2026-08-15T07:04:44
