id;content_type;body;media_url;is_public;share_with_followers;created_at;expires_at
1;TEXT;hence;since regularly colorful;true;true;2026-08-14T18:48:09;2026-08-14T16:10:40
2;TEXT;good agreeable;versus irritably meanwhile;false;false;2026-08-14T20:53:45;2026-08-15T03:26:23
3;IMAGE;utterly sympathetically;beside sadly;true;true;2026-08-15T04:28:37;2026-08-14T16:12:01
4;IMAGE;despite ironclad oof;aha for;false;false;2026-08-15T09:56:29;2026-08-15T08:57:16
5;TEXT;without those where;gee spice;true;false;2026-08-15T12:00:47;2026-08-14T22:18:42
6;TEXT;once zealous;source uncover restfully;true;true;2026-08-15T13:54:17;2026-08-15T03:59:46
7;IMAGE;boo unfreeze;following stealthily;true;true;2026-08-14T23:16:56;2026-08-15T00:43:24
8;TEXT;huzzah gown warmly;until yippee;false;false;2026-08-15T10:01:38;2026-08-15T04:50:45
9;IMAGE;hm;but;true;true;2026-08-15T06:00:28;2026-08-14T18:54:25
10;IMAGE;turbulent;ick;false;false;2026-08-15T01:29:03;2026-08-14T15:44:26
